

{

    "coords": [10.98934495, -74.81377060046907],
    "domis" : [3000, 5000, 6000, 7000, 8000],
    "ciudad": [", Barranquilla, Atlantico"],
    "max_platos": [15]
    

}       