

{

    "coords": [10.98934495, -74.81377060046907],
    "domis" : [3000, 6000, 8000]
}       